Date,Price,Open,High,Low,Change %
12/31/2005,"7,426.37","7,341.50","7,445.29","7,340.27",1.96%
12/29/2005,"7,283.55","7,269.66","7,383.30","7,257.57",0.20%
12/28/2005,"7,268.77","7,229.27","7,316.33","7,140.20",0.55%
12/27/2005,"7,229.27","7,335.57","7,348.91","7,222.53",-1.45%
12/26/2005,"7,335.57","7,431.29","7,469.60","7,298.67",-1.19%
12/25/2005,"7,423.74","6,810.77","7,423.74","6,704.27",9.04%
12/24/2005,"6,808.55","7,129.42","7,130.78","6,693.97",-4.59%
12/22/2005,"7,136.08","7,353.55","7,384.90","7,117.17",-3.02%
12/21/2005,"7,358.00","7,552.35","7,585.82","7,326.72",-2.57%
12/20/2005,"7,552.35","7,533.17","7,585.85","7,533.17",0.34%
12/19/2005,"7,526.51","7,482.09","7,556.43","7,457.88",0.50%
12/18/2005,"7,488.75","7,633.72","7,658.62","7,487.79",-1.90%
12/17/2005,"7,633.72","7,651.71","7,716.43","7,619.21",-0.21%
12/15/2005,"7,649.49","7,639.57","7,661.69","7,600.89",0.13%
12/14/2005,"7,639.57","7,682.08","7,748.60","7,614.13",-0.58%
12/13/2005,"7,684.30","7,700.05","7,704.75","7,496.27",-0.23%
12/12/2005,"7,702.27","7,907.44","7,911.63","7,680.90",-2.54%
12/11/2005,"7,903.00","7,841.54","7,949.08","7,841.07",0.81%
12/10/2005,"7,839.32","7,816.96","7,906.20","7,802.54",0.26%
12/08/2005,"7,819.18","7,691.39","7,819.58","7,691.39",1.63%
12/07/2005,"7,693.61","7,801.60","7,839.77","7,690.86",-1.41%
12/06/2005,"7,803.82","7,753.35","7,821.72","7,694.81",0.68%
12/05/2005,"7,751.13","7,745.37","7,832.19","7,734.53",0.07%
12/01/2005,"7,745.37","7,926.88","7,968.39","7,728.24",-2.26%
11/30/2005,"7,924.66","7,544.59","7,932.47","7,544.09",5.16%
11/29/2005,"7,535.71","7,608.22","7,765.00","7,535.71",-3.19%
11/28/2005,"7,784.20","8,025.91","8,027.12","7,782.31",-3.01%
11/27/2005,"8,025.91","8,187.03","8,191.88","8,019.85",-1.97%
11/26/2005,"8,187.03","8,056.27","8,195.69","8,051.24",1.59%
11/24/2005,"8,058.54","8,093.32","8,124.23","8,055.87",-0.40%
11/23/2005,"8,091.05","8,137.15","8,146.73","8,077.12",-0.57%
11/22/2005,"8,137.15","8,196.58","8,226.62","8,108.17",-0.70%
11/21/2005,"8,194.30","8,158.98","8,230.74","8,133.33",0.46%
11/20/2005,"8,156.71","8,223.55","8,230.54","8,011.99",-0.89%
11/19/2005,"8,230.37","8,359.04","8,483.28","8,230.12",-1.21%
11/17/2005,"8,331.22","8,296.11","8,333.45","8,275.79",0.37%
11/16/2005,"8,300.65","8,392.76","8,451.41","8,282.50",-1.12%
11/15/2005,"8,395.03","8,369.12","8,460.09","8,369.12",0.36%
11/14/2005,"8,364.57","8,166.70","8,408.91","8,161.49",2.45%
11/13/2005,"8,164.43","8,380.49","8,380.49","8,140.37",-2.58%
11/12/2005,"8,380.49","8,470.38","8,473.99","8,371.36",-1.09%
11/10/2005,"8,472.65","8,484.63","8,507.81","8,390.91",-0.14%
11/09/2005,"8,484.63","8,450.24","8,525.69","8,418.27",0.35%
11/08/2005,"8,454.78","8,456.25","8,487.73","8,433.13",-0.02%
11/07/2005,"8,456.25","8,459.56","8,487.01","8,392.86",-0.04%
11/06/2005,"8,459.56","8,446.10","8,544.67","8,446.10",0.24%
11/01/2005,"8,439.28","8,239.15","8,441.38","8,239.15",2.46%
10/31/2005,"8,236.88","8,229.97","8,272.74","8,222.21",0.14%
10/30/2005,"8,225.43","8,159.11","8,252.50","8,159.11",0.81%
10/29/2005,"8,159.11","8,043.94","8,197.24","8,043.94",1.40%
10/27/2005,"8,046.22","7,999.84","8,058.92","7,999.84",0.61%
10/26/2005,"7,997.57","7,997.00","8,054.96","7,995.13",0.04%
10/25/2005,"7,994.73","7,981.00","8,057.92","7,971.51",0.34%
10/24/2005,"7,967.37","8,010.05","8,037.40","7,908.43",-0.48%
10/23/2005,"8,005.50","8,004.89","8,058.03","7,953.81",-0.10%
10/22/2005,"8,013.23","8,031.42","8,088.48","8,001.43",-0.20%
10/20/2005,"8,029.15","7,912.87","8,045.15","7,910.40",1.38%
10/19/2005,"7,919.70","7,840.38","7,925.68","7,829.61",0.95%
10/18/2005,"7,844.93","7,845.84","7,903.03","7,826.75",-0.01%
10/17/2005,"7,845.84","7,780.84","7,864.52","7,737.37",0.78%
10/16/2005,"7,785.39","7,736.73","7,793.47","7,732.45",0.66%
10/15/2005,"7,734.45","7,678.74","7,755.96","7,677.53",0.73%
10/13/2005,"7,678.74","7,550.71","7,682.75","7,546.76",1.72%
10/12/2005,"7,548.68","7,666.81","7,666.81","7,501.15",-1.63%
10/11/2005,"7,673.63","7,763.74","7,767.03","7,667.43",-1.18%
10/10/2005,"7,764.95","7,769.51","7,812.16","7,731.30",-0.06%
10/09/2005,"7,769.51","7,746.09","7,774.91","7,717.29",0.33%
10/08/2005,"7,743.81","7,643.02","7,773.52","7,643.02",1.38%
10/06/2005,"7,638.47","7,517.60","7,649.97","7,517.20",1.64%
10/05/2005,"7,515.33","7,358.58","7,588.25","7,311.76",2.10%
10/04/2005,"7,360.85","7,573.41","7,583.26","7,357.25",-2.78%
10/03/2005,"7,571.14","7,695.72","7,700.42","7,558.15",-1.68%
10/02/2005,"7,700.27","7,784.72","7,788.40","7,684.67",-1.11%
10/01/2005,"7,787.00","7,783.88","7,838.80","7,766.02",0.08%
09/29/2005,"7,780.97","7,776.15","7,798.63","7,741.56",0.00%
09/28/2005,"7,781.00","7,864.93","7,907.15","7,761.47",-1.01%
09/27/2005,"7,860.38","7,697.66","7,860.38","7,697.66",2.02%
09/26/2005,"7,704.49","7,816.60","7,821.16","7,562.29",-1.55%
09/25/2005,"7,825.71","7,925.72","7,993.59","7,819.42",-1.29%
09/24/2005,"7,928.00","7,958.58","7,983.97","7,922.91",-0.36%
09/22/2005,"7,956.31","7,829.75","7,957.43","7,787.19",1.62%
09/21/2005,"7,829.75","8,000.48","8,055.06","7,807.18",-2.08%
09/20/2005,"7,995.93","7,993.04","8,035.66","7,948.74",0.15%
09/19/2005,"7,983.94","8,125.32","8,189.43","7,935.09",-1.77%
09/18/2005,"8,127.60","8,079.89","8,187.05","8,075.34",0.70%
09/17/2005,"8,070.79","7,757.02","8,089.53","7,757.02",2.48%
09/15/2005,"7,875.45","7,844.91","7,949.32","7,835.95",0.51%
09/14/2005,"7,835.67","7,740.94","7,931.51","7,736.99",1.25%
09/13/2005,"7,738.63","7,584.15","7,754.85","7,584.15",2.13%
09/12/2005,"7,577.21","7,563.79","7,621.79","7,557.78",0.15%
09/11/2005,"7,566.10","7,558.40","7,652.05","7,545.24",0.10%
09/10/2005,"7,558.40","7,535.35","7,618.69","7,533.78",0.24%
09/08/2005,"7,539.97","7,557.30","7,680.18","7,539.97",-0.23%
09/07/2005,"7,557.30","7,447.10","7,584.35","7,442.38",1.48%
09/06/2005,"7,447.10","7,325.12","7,456.35","7,261.42",1.63%
09/05/2005,"7,327.43","7,365.79","7,368.72","7,284.60",-0.55%
09/04/2005,"7,368.10","7,457.65","7,508.27","7,363.48",-1.14%
09/03/2005,"7,453.03","7,301.68","7,493.54","7,301.68",2.43%
09/01/2005,"7,276.27","7,142.41","7,283.86","6,949.69",1.71%
08/30/2005,"7,153.96","7,358.84","7,381.93","7,146.20",-2.75%
08/29/2005,"7,356.52","7,318.43","7,419.21","7,206.57",0.81%
08/28/2005,"7,297.63","7,349.37","7,477.41","7,290.94",-0.64%
08/27/2005,"7,344.75","7,146.05","7,421.70","7,146.05",2.85%
08/25/2005,"7,141.43","7,238.12","7,281.56","7,126.42",-1.24%
08/24/2005,"7,231.19","7,104.30","7,252.52","7,091.45",1.89%
08/23/2005,"7,097.37","6,986.23","7,181.52","6,965.53",1.62%
08/22/2005,"6,983.92","7,210.14","7,367.66","6,950.72",-3.06%
08/21/2005,"7,204.59","6,935.37","7,219.46","6,935.37",3.95%
08/20/2005,"6,930.75","6,710.46","6,934.44","6,638.10",3.32%
08/18/2005,"6,708.15","6,737.98","6,813.22","6,663.30",-0.34%
08/17/2005,"6,731.05","6,559.40","6,748.49","6,559.40",2.65%
08/16/2005,"6,557.09","6,467.91","6,557.09","6,465.12",1.60%
08/15/2005,"6,454.04","6,446.89","6,504.56","6,415.13",0.15%
08/14/2005,"6,444.58","6,508.99","6,561.23","6,430.48",-0.99%
08/13/2005,"6,508.99","6,371.24","6,522.52","6,369.39",2.20%
08/11/2005,"6,368.93","6,262.33","6,369.43","6,262.33",1.77%
08/10/2005,"6,258.17","6,088.91","6,297.06","6,085.21",2.94%
08/09/2005,"6,079.67","6,073.16","6,128.47","6,044.29",0.04%
08/08/2005,"6,077.32","6,099.76","6,164.09","6,043.67",-0.39%
08/07/2005,"6,101.15","5,985.46","6,171.24","5,985.46",2.47%
08/06/2005,"5,954.03","5,793.38","5,997.61","5,793.38",3.03%
08/04/2005,"5,779.05","5,669.91","5,787.58","5,669.91",1.95%
08/03/2005,"5,668.53","5,526.32","5,684.32","5,526.32",2.68%
08/02/2005,"5,520.78","5,501.54","5,522.61","5,478.65",0.39%
08/01/2005,"5,499.23","5,569.53","5,576.61","5,428.15",-1.25%
07/31/2005,"5,568.61","5,592.12","5,606.52","5,520.23",-0.55%
07/30/2005,"5,599.51","5,708.40","5,720.72","5,560.32",-1.67%
07/28/2005,"5,694.54","5,690.09","5,786.65","5,636.09",0.08%
07/27/2005,"5,690.09","5,482.21","5,708.66","5,482.21",3.86%
07/26/2005,"5,478.75","5,294.24","5,510.88","5,288.55",3.37%
07/25/2005,"5,300.01","5,160.92","5,306.26","4,850.24",2.49%
07/24/2005,"5,171.32","5,620.24","5,622.30","5,088.18",-7.91%
07/23/2005,"5,615.62","5,721.47","5,745.71","5,587.53",1.67%
07/21/2005,"5,523.11","5,596.20","5,670.99","5,491.09",-1.43%
07/20/2005,"5,603.13","5,876.98","5,905.86","5,573.36",-4.58%
07/19/2005,"5,872.36","5,617.77","5,872.36","5,617.77",4.73%
07/18/2005,"5,607.37","5,686.88","5,702.42","5,547.77",-1.46%
07/17/2005,"5,690.35","5,814.24","5,894.69","5,565.66",-2.09%
07/16/2005,"5,811.93","5,856.16","5,894.98","5,779.81",-0.72%
07/14/2005,"5,853.85","5,884.67","5,990.99","5,847.11",-0.50%
07/13/2005,"5,883.52","5,844.86","6,105.63","5,844.86",-2.12%
07/12/2005,"6,011.15","5,621.53","6,039.36","5,574.39",6.93%
07/11/2005,"5,621.53","5,875.75","5,877.43","5,493.82",-4.33%
07/10/2005,"5,875.75","6,144.70","6,144.70","5,859.79",-4.58%
07/09/2005,"6,157.77","6,214.52","6,313.27","6,133.40",-0.86%
07/07/2005,"6,210.96","6,083.85","6,270.38","6,083.85",2.49%
07/06/2005,"6,060.29","6,232.22","6,287.61","5,873.86",-2.74%
07/05/2005,"6,231.03","6,475.55","6,491.39","6,231.03",-3.83%
07/04/2005,"6,479.11","6,621.71","6,621.71","6,434.45",-2.21%
07/03/2005,"6,625.28","6,715.70","6,747.02","6,616.21",-1.31%
07/02/2005,"6,713.32","6,672.78","6,749.43","6,672.78",0.61%
06/30/2005,"6,672.78","6,554.24","6,677.16","6,554.11",2.40%
06/29/2005,"6,516.40","6,628.09","6,628.09","6,449.80",-1.76%
06/28/2005,"6,633.21","6,825.42","6,857.88","6,588.26",-2.68%
06/27/2005,"6,816.20","6,784.01","6,847.10","6,778.40",0.60%
06/26/2005,"6,775.81","6,696.59","6,798.57","6,694.54",1.31%
06/25/2005,"6,688.40","6,514.45","6,763.39","6,514.45",2.69%
06/23/2005,"6,513.42","6,394.20","6,557.00","6,390.34",1.93%
06/22/2005,"6,390.10","6,364.80","6,464.45","6,364.80",0.40%
06/21/2005,"6,364.80","6,335.59","6,399.86","6,300.79",0.46%
06/20/2005,"6,335.59","6,356.86","6,486.51","6,333.08",-0.33%
06/19/2005,"6,356.86","6,358.43","6,425.53","6,349.28",0.61%
06/18/2005,"6,318.38","6,305.57","6,587.62","6,224.50",0.73%
06/16/2005,"6,272.40","5,913.85","6,346.10","5,913.85",6.14%
06/15/2005,"5,909.66","5,660.41","5,922.94","5,658.36",4.57%
06/14/2005,"5,651.19","5,693.93","5,827.15","5,514.47",-0.84%
06/13/2005,"5,699.05","5,820.48","5,979.46","5,645.43",-2.34%
06/12/2005,"5,835.85","5,634.20","5,859.06","5,634.20",3.82%
06/11/2005,"5,620.87","5,364.48","5,627.07","5,364.48",4.80%
06/08/2005,"5,363.46","5,331.64","5,381.45","5,240.17",0.75%
06/07/2005,"5,323.44","5,302.65","5,350.59","5,291.09",0.45%
06/06/2005,"5,299.57","5,185.03","5,299.57","5,185.03",2.25%
06/05/2005,"5,182.98","5,189.63","5,259.23","5,142.84",-0.04%
06/04/2005,"5,185.12","5,001.63","5,218.51","5,001.63",3.72%
06/02/2005,"4,999.17","4,955.73","5,001.54","4,948.47",0.90%
06/01/2005,"4,954.71","4,980.99","4,997.20","4,952.17",-0.53%
05/31/2005,"4,980.99","4,964.12","5,002.36","4,918.51",0.34%
05/30/2005,"4,963.92","4,981.48","5,014.65","4,924.42",-0.37%
05/29/2005,"4,982.30","4,974.15","5,043.70","4,968.68",0.18%
05/28/2005,"4,973.33","5,065.01","5,082.51","4,968.89",-1.75%
05/26/2005,"5,062.14","4,936.07","5,069.99","4,935.63",2.33%
05/25/2005,"4,946.93","4,904.29","4,977.96","4,900.47",0.91%
05/24/2005,"4,902.24","4,908.34","4,937.88","4,862.77",-0.09%
05/23/2005,"4,906.70","4,892.27","4,950.39","4,864.60",0.33%
05/22/2005,"4,890.63","4,797.81","4,890.63","4,797.81",1.95%
05/21/2005,"4,797.19","4,730.23","4,812.14","4,730.23",1.40%
05/19/2005,"4,731.05","4,707.40","4,740.32","4,696.23",0.50%
05/18/2005,"4,707.40","4,722.72","4,727.85","4,685.60",-0.40%
05/17/2005,"4,726.20","4,784.60","4,797.50","4,723.69",-1.22%
05/16/2005,"4,784.40","4,803.33","4,843.20","4,776.93",-0.30%
05/15/2005,"4,798.82","4,790.50","4,847.99","4,786.08",0.19%
05/14/2005,"4,789.68","4,752.41","4,826.40","4,749.23",0.78%
05/12/2005,"4,752.41","4,735.72","4,752.41","4,647.84",0.33%
05/11/2005,"4,736.95","4,879.52","4,895.96","4,726.06",-2.91%
05/10/2005,"4,878.79","4,927.89","5,000.37","4,868.08",-0.98%
05/09/2005,"4,927.07","4,817.30","4,932.32","4,817.30",2.35%
05/08/2005,"4,814.02","4,608.83","4,819.52","4,607.53",4.46%
05/07/2005,"4,608.62","4,704.20","4,704.20","4,384.16",-2.12%
05/05/2005,"4,708.30","4,910.58","4,937.44","4,684.89",-4.13%
05/04/2005,"4,910.99","4,995.35","4,995.35","4,833.36",-1.60%
05/03/2005,"4,990.98","5,081.29","5,117.01","4,974.58",-1.75%
05/02/2005,"5,079.85","5,122.12","5,215.26","5,070.28",-0.72%
05/01/2005,"5,116.79","4,946.95","5,126.81","4,946.52",3.52%
04/30/2005,"4,942.65","4,878.94","4,956.69","4,878.94",1.37%
04/28/2005,"4,875.86","4,804.63","4,888.72","4,804.63",1.51%
04/27/2005,"4,803.20","4,786.46","4,822.24","4,743.15",0.36%
04/26/2005,"4,786.05","4,803.57","4,830.71","4,773.45",-0.34%
04/25/2005,"4,802.34","4,789.05","4,854.91","4,769.64",0.30%
04/24/2005,"4,787.82","4,640.98","4,789.13","4,640.98",3.17%
04/23/2005,"4,640.57","4,615.99","4,677.65","4,615.99",0.57%
04/20/2005,"4,614.35","4,542.69","4,662.44","4,542.69",1.58%
04/19/2005,"4,542.69","4,387.08","4,573.78","4,374.41",3.51%
04/18/2005,"4,388.52","4,312.92","4,395.39","4,284.44",1.70%
04/17/2005,"4,314.97","4,352.59","4,376.84","4,314.97",-0.86%
04/16/2005,"4,352.59","4,383.12","4,394.52","4,335.16",-0.70%
04/14/2005,"4,383.12","4,351.83","4,393.75","4,336.80",0.74%
04/13/2005,"4,350.81","4,233.77","4,355.72","4,233.77",2.76%
04/12/2005,"4,233.77","4,083.90","4,237.34","4,083.90",3.59%
04/11/2005,"4,086.97","4,036.73","4,098.25","4,008.43",1.24%
04/10/2005,"4,036.93","4,070.79","4,225.53","4,026.68",-0.63%
04/09/2005,"4,062.59","3,782.36","4,065.77","3,782.36",7.79%
04/07/2005,"3,769.04","3,692.96","3,784.58","3,692.96",2.07%
04/06/2005,"3,692.76","3,638.54","3,692.76","3,638.54",1.51%
04/05/2005,"3,637.72","3,597.91","3,645.61","3,594.44",1.08%
04/04/2005,"3,598.73","3,557.44","3,606.79","3,557.44",1.14%
04/03/2005,"3,558.06","3,544.62","3,558.61","3,532.32",0.38%
04/02/2005,"3,544.42","3,492.29","3,550.85","3,492.29",1.53%
03/31/2005,"3,491.06","3,453.94","3,498.64","3,453.39",1.09%
03/30/2005,"3,453.32","3,450.96","3,474.03","3,439.72",0.07%
03/29/2005,"3,450.96","3,398.47","3,455.64","3,393.63",1.53%
03/28/2005,"3,398.88","3,387.05","3,421.35","3,375.95",0.32%
03/27/2005,"3,387.87","3,412.31","3,423.59","3,382.83",-0.73%
03/26/2005,"3,412.92","3,482.84","3,500.23","3,398.82",-2.05%
03/24/2005,"3,484.28","3,519.59","3,519.90","3,461.34",-1.00%
03/23/2005,"3,519.43","3,498.94","3,548.02","3,497.21",0.58%
03/22/2005,"3,499.14","3,464.23","3,506.53","3,464.23",1.00%
03/21/2005,"3,464.64","3,474.97","3,485.09","3,456.19",-0.29%
03/20/2005,"3,474.56","3,459.54","3,499.72","3,459.32",0.43%
03/19/2005,"3,459.54","3,459.24","3,483.65","3,458.17",0.01%
03/17/2005,"3,459.03","3,447.17","3,476.87","3,447.17",0.30%
03/16/2005,"3,448.81","3,446.15","3,476.34","3,433.10",0.63%
03/15/2005,"3,427.13","3,412.22","3,457.83","3,412.22",0.44%
03/14/2005,"3,412.22","3,412.30","3,436.33","3,406.31",-0.03%
03/13/2005,"3,413.12","3,377.34","3,438.91","3,377.34",1.06%
03/12/2005,"3,377.34","3,317.34","3,408.19","3,316.90",1.84%
03/10/2005,"3,316.31","3,288.23","3,326.59","3,288.02",0.82%
03/09/2005,"3,289.25","3,251.64","3,295.83","3,229.54",1.46%
03/08/2005,"3,241.77","3,225.64","3,265.20","3,218.76",0.53%
03/07/2005,"3,224.62","3,191.74","3,236.64","3,191.74",1.05%
03/06/2005,"3,191.19","3,176.19","3,203.57","3,147.80",0.49%
03/05/2005,"3,175.58","3,081.99","3,180.31","3,081.11",3.00%
03/03/2005,"3,083.02","3,095.16","3,132.78","3,072.98",-0.32%
03/02/2005,"3,092.91","3,022.90","3,109.85","3,022.90",2.36%
03/01/2005,"3,021.47","2,916.17","3,039.11","2,913.04",3.61%
02/28/2005,"2,916.16","2,913.58","2,944.48","2,905.67",0.11%
02/27/2005,"2,912.97","2,848.13","2,920.00","2,845.47",2.39%
02/26/2005,"2,844.85","2,794.11","2,860.36","2,794.11",1.84%
02/24/2005,"2,793.49","2,754.01","2,805.84","2,753.81",1.43%
02/23/2005,"2,754.21","2,705.29","2,754.29","2,704.28",1.83%
02/22/2005,"2,704.67","2,718.99","2,735.42","2,700.99",-0.55%
02/21/2005,"2,719.65","2,747.95","2,756.67","2,718.80",-1.04%
02/20/2005,"2,748.16","2,729.09","2,765.02","2,729.09",0.74%
02/19/2005,"2,728.06","2,702.21","2,750.38","2,702.21",0.95%
02/17/2005,"2,702.42","2,683.17","2,706.82","2,683.17",0.75%
02/16/2005,"2,682.35","2,666.80","2,684.77","2,664.78",1.45%
02/15/2005,"2,644.13","2,651.33","2,653.67","2,638.39",-0.28%
02/14/2005,"2,651.44","2,658.11","2,665.08","2,646.82",-0.26%
02/13/2005,"2,658.32","2,648.55","2,667.24","2,648.55",0.40%
02/12/2005,"2,647.73","2,646.21","2,661.69","2,644.97",0.06%
02/10/2005,"2,646.21","2,616.74","2,648.63","2,612.62",1.13%
02/08/2005,"2,616.54","2,601.31","2,627.64","2,589.26",0.56%
02/07/2005,"2,601.93","2,616.57","2,619.85","2,596.87",-0.54%
02/06/2005,"2,616.16","2,630.75","2,650.81","2,615.72",-0.55%
02/05/2005,"2,630.75","2,618.87","2,633.90","2,617.92",0.45%
02/03/2005,"2,619.07","2,632.34","2,641.42","2,617.92",-0.52%
02/02/2005,"2,632.75","2,625.10","2,634.79","2,620.05",0.29%
02/01/2005,"2,625.10","2,602.47","2,628.51","2,594.15",0.92%
01/31/2005,"2,601.24","2,589.04","2,603.67","2,583.13",0.43%
01/30/2005,"2,590.06","2,621.19","2,621.60","2,589.04",-1.20%
01/29/2005,"2,621.60","2,615.11","2,633.53","2,612.88",0.27%
01/27/2005,"2,614.56","2,608.95","2,616.18","2,598.21",0.21%
01/26/2005,"2,609.15","2,627.57","2,631.46","2,592.99",-0.75%
01/25/2005,"2,628.80","2,655.69","2,674.64","2,625.44",-1.02%
01/24/2005,"2,655.89","2,637.38","2,690.32","2,637.38",0.73%
01/18/2005,"2,636.77","2,611.02","2,653.21","2,605.45",0.99%
01/17/2005,"2,610.81","2,617.08","2,638.89","2,604.47",1.39%
01/16/2005,"2,574.98","2,471.91","2,582.66","2,440.20",4.19%
01/15/2005,"2,471.50","2,655.05","2,656.65","2,471.50",-6.96%
01/13/2005,"2,656.48","2,721.68","2,722.56","2,640.35",-2.40%
01/12/2005,"2,721.68","2,746.13","2,752.19","2,720.12",-0.91%
01/11/2005,"2,746.74","2,735.89","2,752.52","2,721.70",0.05%
01/10/2005,"2,745.24","2,729.47","2,745.24","2,698.16",0.58%
01/09/2005,"2,729.47","2,766.91","2,788.04","2,729.27",-1.31%
01/08/2005,"2,765.68","2,695.26","2,768.23","2,695.26",2.69%
01/06/2005,"2,693.21","2,666.80","2,693.49","2,655.86",1.10%
01/05/2005,"2,663.93","2,653.83","2,672.02","2,626.98",0.42%
01/04/2005,"2,652.80","2,675.40","2,739.43","2,640.51",-2.35%
01/03/2005,"2,716.70","2,609.98","2,721.50","2,609.15",4.16%
01/02/2005,"2,608.11","2,516.20","2,612.58","2,516.20",3.70%
12/30/2004,"2,515.16","2,493.69","2,522.03","2,493.48",1.06%
12/29/2004,"2,488.70","2,448.94","2,492.14","2,448.94",1.65%
12/28/2004,"2,448.39","2,458.03","2,463.24","2,448.39",-0.39%
12/27/2004,"2,458.03","2,436.04","2,462.13","2,436.04",0.88%
12/26/2004,"2,436.59","2,409.10","2,437.25","2,402.82",1.15%
12/25/2004,"2,408.92","2,402.84","2,412.74","2,396.07",0.28%
12/23/2004,"2,402.10","2,395.13","2,403.33","2,343.48",0.28%
12/22/2004,"2,395.50","2,427.68","2,427.68","2,390.80",-1.32%
12/21/2004,"2,427.50","2,441.98","2,442.26","2,416.29",-0.64%
12/20/2004,"2,443.09","2,460.56","2,474.05","2,442.70",-0.64%
12/19/2004,"2,458.72","2,434.70","2,466.65","2,431.75",1.06%
12/18/2004,"2,433.04","2,404.59","2,438.34","2,395.44",0.27%
12/16/2004,"2,426.48","2,450.29","2,453.08","2,401.83",-0.94%
12/15/2004,"2,449.55","2,449.40","2,474.58","2,443.76",0.07%
12/14/2004,"2,447.91","2,359.52","2,447.91","2,359.52",3.77%
12/13/2004,"2,358.96","2,303.68","2,362.39","2,303.68",2.39%
12/12/2004,"2,303.87","2,274.61","2,307.25","2,274.61",1.31%
12/11/2004,"2,274.05","2,254.85","2,278.44","2,243.86",0.86%
12/09/2004,"2,254.66","2,253.99","2,284.36","2,245.90",1.06%
12/08/2004,"2,230.97","2,149.46","2,234.62","2,149.46",3.90%
12/07/2004,"2,147.23","2,119.39","2,147.82","2,117.79",1.30%
12/06/2004,"2,119.58","2,114.86","2,124.90","2,095.98",0.22%
12/05/2004,"2,114.86","2,108.95","2,141.21","2,096.30",0.29%
12/01/2004,"2,108.76","2,100.42","2,137.19","2,100.42",0.40%
11/30/2004,"2,100.42","2,089.82","2,102.80","2,078.82",0.50%
11/29/2004,"2,090.00","2,092.65","2,101.99","2,052.16",-0.14%
11/28/2004,"2,093.03","2,110.00","2,110.00","2,079.52",-0.79%
11/27/2004,"2,109.63","2,073.79","2,126.76","2,073.79",1.76%
11/25/2004,"2,073.05","2,016.39","2,077.75","2,016.39",2.81%
11/24/2004,"2,016.39","1,976.68","2,020.05","1,976.68",2.04%
11/23/2004,"1,976.07","1,960.16","1,976.07","1,956.07",0.73%
11/22/2004,"1,961.83","1,957.91","1,964.84","1,941.52",0.19%
11/21/2004,"1,958.10","1,938.23","1,961.96","1,938.23",1.04%
11/20/2004,"1,937.86","1,889.57","1,938.79","1,889.57",2.56%
11/18/2004,"1,889.57","1,834.60","1,889.57","1,834.60",3.00%
11/11/2004,"1,834.60","1,832.22","1,836.74","1,830.25",0.13%
11/10/2004,"1,832.22","1,842.83","1,848.30","1,832.22",-0.58%
11/09/2004,"1,842.83","1,830.48","1,844.52","1,826.76",0.89%
11/08/2004,"1,826.53","1,802.12","1,827.89","1,802.12",1.35%
11/07/2004,"1,802.12","1,771.69","1,802.54","1,759.67",1.53%
11/02/2004,"1,774.97","1,783.50","1,787.44","1,771.03",-0.41%
11/01/2004,"1,782.32","1,778.64","1,788.48","1,776.06",-0.02%
10/31/2004,"1,782.59","1,816.46","1,823.20","1,777.78",-1.82%
10/30/2004,"1,815.72","1,803.03","1,823.50","1,797.11",0.86%
10/28/2004,"1,800.19","1,752.22","1,806.64","1,752.22",2.93%
10/27/2004,"1,748.94","1,722.60","1,754.36","1,722.60",1.53%
10/26/2004,"1,722.60","1,717.92","1,723.07","1,711.89",0.32%
10/25/2004,"1,717.17","1,722.51","1,726.34","1,714.25",-0.20%
10/24/2004,"1,720.65","1,734.73","1,734.73","1,715.47",-1.33%
10/23/2004,"1,743.93","1,768.00","1,777.57","1,740.82",-1.87%
10/21/2004,"1,777.20","1,795.42","1,803.31","1,772.12",-0.97%
10/20/2004,"1,794.68","1,759.34","1,803.14","1,759.34",2.04%
10/19/2004,"1,758.78","1,705.41","1,764.38","1,705.10",3.04%
10/18/2004,"1,706.89","1,732.29","1,732.29","1,696.76",-1.48%
10/17/2004,"1,732.47","1,782.52","1,782.52","1,731.19",-2.41%
10/16/2004,"1,775.29","1,801.01","1,801.11","1,773.50",-1.28%
10/14/2004,"1,798.38","1,812.73","1,812.77","1,790.32",-0.77%
10/13/2004,"1,812.36","1,821.52","1,821.53","1,782.47",-0.50%
10/12/2004,"1,821.52","1,844.37","1,853.90","1,821.09",-1.19%
10/11/2004,"1,843.42","1,843.55","1,855.19","1,837.80",0.00%
10/10/2004,"1,843.37","1,856.79","1,858.27","1,833.53",-0.70%
10/09/2004,"1,856.41","1,881.66","1,882.22","1,849.84",-1.35%
10/07/2004,"1,881.85","1,885.26","1,892.26","1,872.59",-0.13%
10/06/2004,"1,884.33","1,889.40","1,893.34","1,879.33",-0.27%
10/05/2004,"1,889.40","1,895.65","1,904.56","1,881.19",-0.32%
10/04/2004,"1,895.47","1,895.38","1,908.12","1,887.55",0.01%
10/03/2004,"1,895.20","1,882.66","1,898.34","1,882.66",0.69%
10/02/2004,"1,882.29","1,853.25","1,886.66","1,849.15",1.61%
09/30/2004,"1,852.51","1,855.25","1,855.25","1,812.54",-0.13%
09/29/2004,"1,854.88","1,907.50","1,908.76","1,847.13",-2.78%
09/28/2004,"1,907.87","1,940.10","1,943.92","1,900.16",-1.62%
09/27/2004,"1,939.35","1,958.17","1,965.73","1,939.35",-0.94%
09/26/2004,"1,957.80","1,943.75","1,963.53","1,943.70",0.72%
09/25/2004,"1,943.75","1,927.59","1,951.50","1,917.38",0.84%
09/23/2004,"1,927.59","1,897.68","1,951.80","1,875.48",1.63%
09/22/2004,"1,896.75","1,967.91","2,030.46","1,863.36",-3.49%
09/21/2004,"1,965.31","1,868.77","1,965.40","1,868.77",5.19%
09/20/2004,"1,868.40","1,814.63","1,868.40","1,814.63",2.97%
09/19/2004,"1,814.45","1,772.26","1,821.09","1,772.26",2.38%
09/18/2004,"1,772.26","1,742.04","1,773.77","1,742.04",1.75%
09/16/2004,"1,741.85","1,723.74","1,745.43","1,721.56",1.06%
09/15/2004,"1,723.56","1,774.37","1,774.79","1,695.80",2.41%
09/14/2004,"1,683.00","1,679.43","1,700.83","1,674.01",0.21%
09/13/2004,"1,679.43","1,647.92","1,691.14","1,647.92",1.92%
09/11/2004,"1,647.73","1,626.37","1,648.56","1,626.30",1.30%
09/09/2004,"1,626.55","1,621.64","1,631.31","1,621.64",0.34%
09/08/2004,"1,620.99","1,615.34","1,622.53","1,615.34",0.36%
09/07/2004,"1,615.16","1,608.91","1,615.16","1,607.12",0.40%
09/06/2004,"1,608.72","1,599.31","1,611.47","1,599.12",0.61%
09/05/2004,"1,598.94","1,600.39","1,603.13","1,597.29",-0.07%
09/04/2004,"1,600.06","1,605.71","1,609.85","1,599.20",-0.34%
09/02/2004,"1,605.46","1,599.57","1,606.79","1,598.44",0.39%
09/01/2004,"1,599.20","1,597.96","1,601.39","1,596.32",0.08%
08/31/2004,"1,597.96","1,584.34","1,600.17","1,583.68",0.82%
08/30/2004,"1,584.89","1,582.14","1,586.07","1,580.30",0.30%
08/29/2004,"1,580.17","1,581.23","1,589.22","1,578.81",-0.03%
08/28/2004,"1,580.58","1,576.46","1,581.65","1,573.32",0.30%
08/26/2004,"1,575.80","1,571.12","1,576.04","1,571.12",0.31%
08/25/2004,"1,570.87","1,563.19","1,570.91","1,563.19",0.53%
08/24/2004,"1,562.53","1,559.22","1,562.78","1,555.62",0.24%
08/23/2004,"1,558.84","1,553.19","1,560.02","1,553.19",0.41%
08/22/2004,"1,552.53","1,541.42","1,553.51","1,541.42",0.71%
08/21/2004,"1,541.53","1,541.61","1,543.81","1,539.61",-0.01%
08/19/2004,"1,541.69","1,539.20","1,543.38","1,533.29",0.15%
08/18/2004,"1,539.45","1,544.66","1,544.66","1,539.15",-0.35%
08/17/2004,"1,544.91","1,546.45","1,549.29","1,544.91",-0.14%
08/16/2004,"1,547.11","1,552.84","1,555.47","1,546.45",-0.38%
08/15/2004,"1,553.08","1,549.67","1,557.48","1,549.67",0.26%
08/14/2004,"1,549.01","1,546.00","1,551.64","1,542.36",0.19%
08/12/2004,"1,546.00","1,549.80","1,551.12","1,545.65",-0.37%
08/11/2004,"1,551.77","1,553.49","1,557.99","1,549.71",0.01%
08/10/2004,"1,551.63","1,559.97","1,562.85","1,551.63",-0.53%
08/09/2004,"1,559.97","1,546.96","1,561.99","1,546.96",0.93%
08/08/2004,"1,545.65","1,543.60","1,550.29","1,543.60",0.22%
08/05/2004,"1,542.30","1,541.41","1,549.48","1,535.75",0.10%
08/04/2004,"1,540.76","1,535.71","1,540.95","1,532.61",0.33%
08/03/2004,"1,535.71","1,537.25","1,538.59","1,529.54",-0.09%
08/02/2004,"1,537.06","1,536.95","1,540.82","1,533.50",0.00%
08/01/2004,"1,537.05","1,536.43","1,537.95","1,524.44",0.13%
07/31/2004,"1,535.11","1,548.03","1,550.92","1,531.91",-0.83%
07/29/2004,"1,548.03","1,557.48","1,560.28","1,546.47",-0.82%
07/28/2004,"1,560.77","1,571.23","1,571.99","1,558.66",-0.58%
07/27/2004,"1,569.91","1,583.85","1,585.68","1,569.91",-0.83%
07/26/2004,"1,583.08","1,588.84","1,591.08","1,581.83",-0.35%
07/25/2004,"1,588.71","1,593.56","1,594.81","1,585.63",-0.35%
07/24/2004,"1,594.22","1,583.34","1,599.23","1,583.34",0.69%
07/22/2004,"1,583.34","1,582.16","1,590.59","1,582.16",0.10%
07/21/2004,"1,581.79","1,573.06","1,582.45","1,571.92",0.55%
07/20/2004,"1,573.06","1,564.33","1,576.09","1,563.89",0.13%
07/19/2004,"1,571.07","1,568.88","1,579.79","1,566.91",0.15%
07/18/2004,"1,568.70","1,572.21","1,575.29","1,568.70",-0.18%
07/17/2004,"1,571.55","1,570.00","1,572.48","1,568.07",0.10%
07/15/2004,"1,570.00","1,574.33","1,574.33","1,566.75",-0.27%
07/14/2004,"1,574.22","1,569.62","1,576.10","1,564.73",0.29%
07/13/2004,"1,569.62","1,565.87","1,574.38","1,565.21",0.24%
07/12/2004,"1,565.87","1,559.44","1,567.21","1,557.94",0.41%
07/11/2004,"1,559.44","1,565.16","1,565.35","1,556.56",-0.38%
07/10/2004,"1,565.35","1,560.75","1,565.35","1,558.50",0.34%
07/08/2004,"1,560.09","1,556.69","1,567.95","1,556.69",0.23%
07/07/2004,"1,556.50","1,548.50","1,560.36","1,548.50",0.49%
07/06/2004,"1,548.97","1,525.68","1,549.63","1,525.68",1.61%
07/05/2004,"1,524.49","1,506.32","1,525.39","1,505.88",1.03%
07/04/2004,"1,508.96","1,497.05","1,508.96","1,487.62",0.62%
07/03/2004,"1,499.69","1,509.01","1,511.65","1,456.20",-0.53%
07/01/2004,"1,507.69","1,499.44","1,509.54","1,495.24",1.00%
06/30/2004,"1,492.75","1,485.41","1,495.97","1,485.41",0.47%
06/29/2004,"1,485.84","1,480.31","1,491.49","1,477.60",0.47%
06/28/2004,"1,478.88","1,455.68","1,486.30","1,455.68",1.59%
06/27/2004,"1,455.68","1,456.80","1,469.47","1,453.33",0.02%
06/26/2004,"1,455.44","1,459.17","1,464.07","1,454.89",-0.03%
06/24/2004,"1,455.93","1,449.53","1,461.23","1,449.53",0.44%
06/23/2004,"1,449.53","1,441.71","1,454.84","1,439.04",0.49%
06/22/2004,"1,442.43","1,452.22","1,464.40","1,439.08",-0.67%
06/21/2004,"1,452.22","1,431.59","1,452.58","1,429.69",1.41%
06/20/2004,"1,432.00","1,432.26","1,434.13","1,424.51",0.11%
06/19/2004,"1,430.46","1,430.19","1,434.91","1,424.56",-0.23%
06/17/2004,"1,433.79","1,435.93","1,441.98","1,429.76",-0.16%
06/16/2004,"1,436.13","1,433.45","1,445.86","1,432.35",0.17%
06/15/2004,"1,433.66","1,438.21","1,441.69","1,405.52",-0.36%
06/14/2004,"1,438.82","1,465.03","1,484.25","1,434.28",-1.36%
06/13/2004,"1,458.70","1,406.74","1,460.06","1,406.53",3.77%
06/12/2004,"1,405.72","1,364.36","1,406.12","1,364.36",3.28%
06/10/2004,"1,361.12","1,347.14","1,361.52","1,346.25",1.31%
06/09/2004,"1,343.53","1,339.23","1,344.07","1,338.83",0.27%
06/08/2004,"1,339.95","1,337.74","1,339.95","1,335.07",0.21%
06/07/2004,"1,337.13","1,333.64","1,342.14","1,333.44",0.28%
06/06/2004,"1,333.44","1,327.00","1,335.27","1,325.78",0.50%
06/05/2004,"1,326.79","1,313.01","1,329.11","1,313.01",1.07%
06/03/2004,"1,312.74","1,304.98","1,314.34","1,304.98",0.59%
06/02/2004,"1,304.98","1,301.57","1,308.03","1,300.84",0.23%
06/01/2004,"1,301.93","1,306.52","1,311.12","1,301.22",-0.35%
05/31/2004,"1,306.52","1,294.50","1,315.78","1,294.50",2.35%
05/30/2004,"1,276.47","1,276.92","1,278.62","1,274.76",-0.07%
05/29/2004,"1,277.33","1,275.73","1,279.76","1,274.89",0.13%
05/27/2004,"1,275.73","1,275.43","1,280.19","1,275.43",-0.16%
05/26/2004,"1,277.74","1,279.53","1,279.53","1,275.70",-0.16%
05/25/2004,"1,279.73","1,283.23","1,283.78","1,277.56",-0.28%
05/24/2004,"1,283.34","1,282.79","1,287.35","1,279.99",0.04%
05/23/2004,"1,282.79","1,290.19","1,291.55","1,282.79",-0.57%
05/22/2004,"1,290.19","1,290.59","1,291.82","1,285.64",-0.01%
05/20/2004,"1,290.38","1,288.55","1,293.55","1,283.60",0.15%
05/19/2004,"1,288.41","1,287.20","1,289.55","1,286.27",0.21%
05/18/2004,"1,285.76","1,273.76","1,285.80","1,272.41",1.26%
05/17/2004,"1,269.80","1,270.45","1,282.07","1,269.07",0.28%
05/16/2004,"1,266.23","1,276.64","1,276.64","1,262.69",0.26%
05/15/2004,"1,262.90","1,245.85","1,262.90","1,243.13",1.79%
05/13/2004,"1,240.68","1,239.80","1,242.10","1,235.85",0.50%
05/12/2004,"1,234.49","1,231.78","1,236.04","1,231.47",0.24%
05/11/2004,"1,231.58","1,231.32","1,236.93","1,231.32",0.14%
05/10/2004,"1,229.88","1,232.60","1,234.00","1,228.65",-0.17%
05/09/2004,"1,231.98","1,237.35","1,237.35","1,227.47",-0.26%
05/08/2004,"1,235.23","1,239.66","1,239.66","1,233.45",-0.34%
05/06/2004,"1,239.46","1,245.10","1,245.43","1,239.46",-0.22%
05/05/2004,"1,242.22","1,236.57","1,242.22","1,234.77",0.63%
05/04/2004,"1,234.40","1,225.48","1,235.67","1,225.48",0.73%
05/03/2004,"1,225.48","1,218.42","1,226.92","1,214.04",0.61%
05/02/2004,"1,218.01","1,215.52","1,221.12","1,215.52",0.27%
04/29/2004,"1,214.70","1,216.56","1,219.14","1,212.76",-0.05%
04/28/2004,"1,215.36","1,223.79","1,226.07","1,214.30",-0.73%
04/27/2004,"1,224.26","1,238.90","1,238.99","1,216.99",-1.07%
04/26/2004,"1,237.45","1,252.63","1,254.03","1,235.73",-1.16%
04/25/2004,"1,251.91","1,250.53","1,253.89","1,235.31",0.09%
04/24/2004,"1,250.73","1,258.38","1,260.14","1,246.40",-0.58%
04/22/2004,"1,257.97","1,229.21","1,262.55","1,212.48",-0.16%
04/21/2004,"1,259.95","1,272.10","1,275.34","1,259.74",-0.94%
04/20/2004,"1,271.89","1,272.61","1,288.44","1,271.89",-0.04%
04/19/2004,"1,272.40","1,264.44","1,275.94","1,264.44",0.65%
04/18/2004,"1,264.24","1,256.44","1,282.44","1,253.13",0.60%
04/17/2004,"1,256.65","1,206.87","1,256.65","1,206.87",4.10%
04/15/2004,"1,207.15","1,205.45","1,215.97","1,205.45",0.76%
04/14/2004,"1,198.06","1,177.26","1,198.20","1,176.89",2.41%
04/13/2004,"1,169.86","1,155.73","1,172.08","1,155.73",1.26%
04/12/2004,"1,155.31","1,158.38","1,159.64","1,153.75",-0.21%
04/11/2004,"1,157.75","1,148.56","1,158.17","1,148.56",0.80%
04/10/2004,"1,148.56","1,149.31","1,152.82","1,148.22",-0.05%
04/08/2004,"1,149.10","1,144.26","1,149.10","1,143.46",0.66%
04/07/2004,"1,141.60","1,142.81","1,142.81","1,134.49",-0.09%
04/06/2004,"1,142.60","1,124.35","1,142.80","1,123.93",1.64%
04/05/2004,"1,124.14","1,129.54","1,131.23","1,123.30",-0.50%
04/04/2004,"1,129.75","1,129.24","1,135.02","1,128.95",0.08%
04/03/2004,"1,128.83","1,127.27","1,135.70","1,124.76",0.19%
04/01/2004,"1,126.64","1,115.13","1,129.41","1,114.17",1.07%
03/31/2004,"1,114.71","1,105.33","1,120.26","1,103.87",0.87%
03/30/2004,"1,105.12","1,098.58","1,109.22","1,098.58",0.92%
03/29/2004,"1,095.02","1,075.32","1,098.23","1,074.95",1.93%
03/28/2004,"1,074.27","1,067.80","1,076.69","1,067.80",0.61%
03/27/2004,"1,067.80","1,068.57","1,073.34","1,067.59",-0.21%
03/25/2004,"1,070.04","1,064.43","1,070.25","1,061.91",0.43%
03/24/2004,"1,065.47","1,071.40","1,072.02","1,065.47",-0.55%
03/23/2004,"1,071.40","1,073.80","1,074.12","1,070.34",-0.22%
03/22/2004,"1,073.80","1,078.06","1,078.06","1,071.88",-0.32%
03/21/2004,"1,077.23","1,096.92","1,097.75","1,073.69",-1.39%
03/20/2004,"1,092.41","1,093.51","1,093.51","1,082.42",-0.10%
03/18/2004,"1,093.51","1,092.66","1,093.99","1,092.05",0.10%
03/17/2004,"1,092.43","1,086.25","1,092.54","1,084.64",0.02%
03/16/2004,"1,092.24","1,133.34","1,133.34","1,091.97",-0.77%
03/15/2004,"1,100.67","1,100.35","1,103.60","1,098.63",0.05%
03/14/2004,"1,100.10","1,097.29","1,100.37","1,097.29",0.11%
03/13/2004,"1,098.88","1,096.98","1,099.51","1,096.72",0.22%
03/11/2004,"1,096.47","1,095.13","1,097.11","1,095.13",0.12%
03/10/2004,"1,095.13","1,094.99","1,096.32","1,094.33",-0.01%
03/09/2004,"1,095.19","1,096.46","1,097.93","1,094.80",-0.12%
03/08/2004,"1,096.46","1,099.18","1,099.91","1,095.85",-0.23%
03/07/2004,"1,098.95","1,105.37","1,107.98","1,097.11",-0.56%
03/06/2004,"1,105.11","1,108.05","1,108.05","1,104.99",-0.28%
03/04/2004,"1,108.26","1,110.77","1,111.04","1,107.85",-0.24%
03/03/2004,"1,110.91","1,101.68","1,111.97","1,101.68",0.91%
03/02/2004,"1,100.90","1,105.29","1,105.67","1,100.68",0.02%
03/01/2004,"1,100.63","1,098.36","1,102.00","1,098.36",0.21%
02/29/2004,"1,098.36","1,097.51","1,099.98","1,093.65",0.07%
02/28/2004,"1,097.63","1,093.10","1,098.25","1,093.10",0.48%
02/26/2004,"1,092.34","1,090.80","1,094.81","1,090.26",0.14%
02/25/2004,"1,090.80","1,086.71","1,091.05","1,086.32",0.41%
02/24/2004,"1,086.32","1,091.63","1,092.11","1,085.60",-0.49%
02/23/2004,"1,091.63","1,093.97","1,096.04","1,091.27",0.01%
02/22/2004,"1,091.54","1,100.98","1,100.98","1,090.83",-0.85%
02/19/2004,"1,100.87","1,095.55","1,101.09","1,095.55",0.49%
02/18/2004,"1,095.55","1,096.46","1,100.04","1,095.48",-0.15%
02/17/2004,"1,097.24","1,096.27","1,098.24","1,095.98",0.12%
02/16/2004,"1,095.88","1,099.77","1,099.77","1,095.88",-0.35%
02/15/2004,"1,099.77","1,102.25","1,102.72","1,097.16",0.00%
02/14/2004,"1,099.78","1,099.50","1,102.82","1,098.35",-0.08%
02/12/2004,"1,100.67","1,100.12","1,102.43","1,100.12",0.02%
02/11/2004,"1,100.50","1,103.20","1,103.58","1,099.28",-0.24%
02/10/2004,"1,103.20","1,103.35","1,107.48","1,101.29",0.06%
02/09/2004,"1,102.53","1,113.17","1,118.09","1,101.59",-0.96%
02/08/2004,"1,113.17","1,111.39","1,113.25","1,111.24",0.16%
02/07/2004,"1,111.39","1,110.30","1,111.55","1,109.70",0.10%
02/05/2004,"1,110.30","1,109.37","1,111.88","1,109.37",0.23%
02/04/2004,"1,107.80","1,093.11","1,108.26","1,093.11",1.37%
01/29/2004,"1,092.88","1,080.76","1,093.14","1,080.76",1.15%
01/28/2004,"1,080.47","1,070.17","1,080.47","1,069.88",1.18%
01/27/2004,"1,067.84","1,063.97","1,068.85","1,059.36",0.71%
01/26/2004,"1,060.36","1,059.57","1,061.43","1,059.03",0.05%
01/25/2004,"1,059.83","1,058.95","1,061.36","1,058.95",0.11%
01/24/2004,"1,058.69","1,060.46","1,061.03","1,058.08",-0.12%
01/22/2004,"1,059.97","1,052.59","1,059.97","1,050.69",0.51%
01/21/2004,"1,054.60","1,039.57","1,055.36","1,039.34",1.37%
01/20/2004,"1,040.35","1,042.47","1,042.47","1,035.38",-0.23%
01/19/2004,"1,042.72","1,048.38","1,048.77","1,041.38",-0.58%
01/18/2004,"1,048.77","1,054.84","1,055.23","1,047.75",-0.55%
01/17/2004,"1,054.55","1,057.76","1,059.74","1,051.69",-0.21%
01/15/2004,"1,056.74","1,059.08","1,061.78","1,056.74",-0.19%
01/14/2004,"1,058.73","1,050.55","1,061.89","1,050.55",0.79%
01/13/2004,"1,050.43","1,043.99","1,057.29","1,043.99",0.57%
01/12/2004,"1,044.50","1,048.15","1,048.97","1,041.46",-0.20%
01/11/2004,"1,046.63","1,039.35","1,048.54","1,039.31",0.70%
01/10/2004,"1,039.35","1,035.72","1,039.74","1,032.79",0.57%
01/08/2004,"1,033.43","1,026.34","1,033.69","1,025.55",0.71%
01/07/2004,"1,026.11","1,022.39","1,026.36","1,021.24",0.41%
01/06/2004,"1,021.88","1,016.45","1,022.89","1,016.45",0.66%
01/05/2004,"1,015.18","1,010.03","1,019.17","1,010.03",0.51%
01/04/2004,"1,010.03","1,005.92","1,011.69","1,005.92",0.40%
01/03/2004,"1,005.99","1,000.15","1,008.55","1,000.15",0.60%